blended_run_0.png,blended_inverse_run_0.png,blended_run_0.csv.gz,blended_inverse_run_0.csv.gz
blended_run_1.png,blended_inverse_run_1.png,blended_run_1.csv.gz,blended_inverse_run_1.csv.gz
blended_run_2.png,blended_inverse_run_2.png,blended_run_2.csv.gz,blended_inverse_run_2.csv.gz
blended_run_3.png,blended_inverse_run_3.png,blended_run_3.csv.gz,blended_inverse_run_3.csv.gz
blended_run_4.png,blended_inverse_run_4.png,blended_run_4.csv.gz,blended_inverse_run_4.csv.gz
blended_run_5.png,blended_inverse_run_5.png,blended_run_5.csv.gz,blended_inverse_run_5.csv.gz
blended_run_6.png,blended_inverse_run_6.png,blended_run_6.csv.gz,blended_inverse_run_6.csv.gz
blended_run_7.png,blended_inverse_run_7.png,blended_run_7.csv.gz,blended_inverse_run_7.csv.gz
blended_run_8.png,blended_inverse_run_8.png,blended_run_8.csv.gz,blended_inverse_run_8.csv.gz
blended_run_9.png,blended_inverse_run_9.png,blended_run_9.csv.gz,blended_inverse_run_9.csv.gz
blended_run_10.png,blended_inverse_run_10.png,blended_run_10.csv.gz,blended_inverse_run_10.csv.gz
blended_run_11.png,blended_inverse_run_11.png,blended_run_11.csv.gz,blended_inverse_run_11.csv.gz
blended_run_12.png,blended_inverse_run_12.png,blended_run_12.csv.gz,blended_inverse_run_12.csv.gz
blended_run_13.png,blended_inverse_run_13.png,blended_run_13.csv.gz,blended_inverse_run_13.csv.gz
blended_run_14.png,blended_inverse_run_14.png,blended_run_14.csv.gz,blended_inverse_run_14.csv.gz
blended_run_15.png,blended_inverse_run_15.png,blended_run_15.csv.gz,blended_inverse_run_15.csv.gz
blended_run_16.png,blended_inverse_run_16.png,blended_run_16.csv.gz,blended_inverse_run_16.csv.gz
blended_run_17.png,blended_inverse_run_17.png,blended_run_17.csv.gz,blended_inverse_run_17.csv.gz
blended_run_18.png,blended_inverse_run_18.png,blended_run_18.csv.gz,blended_inverse_run_18.csv.gz
blended_run_19.png,blended_inverse_run_19.png,blended_run_19.csv.gz,blended_inverse_run_19.csv.gz
blended_run_20.png,blended_inverse_run_20.png,blended_run_20.csv.gz,blended_inverse_run_20.csv.gz
blended_run_21.png,blended_inverse_run_21.png,blended_run_21.csv.gz,blended_inverse_run_21.csv.gz
blended_run_22.png,blended_inverse_run_22.png,blended_run_22.csv.gz,blended_inverse_run_22.csv.gz
blended_run_23.png,blended_inverse_run_23.png,blended_run_23.csv.gz,blended_inverse_run_23.csv.gz
blended_run_24.png,blended_inverse_run_24.png,blended_run_24.csv.gz,blended_inverse_run_24.csv.gz
blended_run_25.png,blended_inverse_run_25.png,blended_run_25.csv.gz,blended_inverse_run_25.csv.gz
blended_run_26.png,blended_inverse_run_26.png,blended_run_26.csv.gz,blended_inverse_run_26.csv.gz
blended_run_27.png,blended_inverse_run_27.png,blended_run_27.csv.gz,blended_inverse_run_27.csv.gz
blended_run_28.png,blended_inverse_run_28.png,blended_run_28.csv.gz,blended_inverse_run_28.csv.gz
blended_run_29.png,blended_inverse_run_29.png,blended_run_29.csv.gz,blended_inverse_run_29.csv.gz
blended_run_30.png,blended_inverse_run_30.png,blended_run_30.csv.gz,blended_inverse_run_30.csv.gz
blended_run_31.png,blended_inverse_run_31.png,blended_run_31.csv.gz,blended_inverse_run_31.csv.gz
blended_run_32.png,blended_inverse_run_32.png,blended_run_32.csv.gz,blended_inverse_run_32.csv.gz
blended_run_33.png,blended_inverse_run_33.png,blended_run_33.csv.gz,blended_inverse_run_33.csv.gz
blended_run_34.png,blended_inverse_run_34.png,blended_run_34.csv.gz,blended_inverse_run_34.csv.gz
blended_run_35.png,blended_inverse_run_35.png,blended_run_35.csv.gz,blended_inverse_run_35.csv.gz
blended_run_36.png,blended_inverse_run_36.png,blended_run_36.csv.gz,blended_inverse_run_36.csv.gz
blended_run_37.png,blended_inverse_run_37.png,blended_run_37.csv.gz,blended_inverse_run_37.csv.gz
blended_run_38.png,blended_inverse_run_38.png,blended_run_38.csv.gz,blended_inverse_run_38.csv.gz
blended_run_39.png,blended_inverse_run_39.png,blended_run_39.csv.gz,blended_inverse_run_39.csv.gz
blended_run_40.png,blended_inverse_run_40.png,blended_run_40.csv.gz,blended_inverse_run_40.csv.gz
blended_run_41.png,blended_inverse_run_41.png,blended_run_41.csv.gz,blended_inverse_run_41.csv.gz
blended_run_42.png,blended_inverse_run_42.png,blended_run_42.csv.gz,blended_inverse_run_42.csv.gz
blended_run_43.png,blended_inverse_run_43.png,blended_run_43.csv.gz,blended_inverse_run_43.csv.gz
blended_run_44.png,blended_inverse_run_44.png,blended_run_44.csv.gz,blended_inverse_run_44.csv.gz
blended_run_45.png,blended_inverse_run_45.png,blended_run_45.csv.gz,blended_inverse_run_45.csv.gz
blended_run_46.png,blended_inverse_run_46.png,blended_run_46.csv.gz,blended_inverse_run_46.csv.gz
blended_run_47.png,blended_inverse_run_47.png,blended_run_47.csv.gz,blended_inverse_run_47.csv.gz
blended_run_48.png,blended_inverse_run_48.png,blended_run_48.csv.gz,blended_inverse_run_48.csv.gz
blended_run_49.png,blended_inverse_run_49.png,blended_run_49.csv.gz,blended_inverse_run_49.csv.gz
blended_run_50.png,blended_inverse_run_50.png,blended_run_50.csv.gz,blended_inverse_run_50.csv.gz
blended_run_51.png,blended_inverse_run_51.png,blended_run_51.csv.gz,blended_inverse_run_51.csv.gz
blended_run_52.png,blended_inverse_run_52.png,blended_run_52.csv.gz,blended_inverse_run_52.csv.gz
blended_run_53.png,blended_inverse_run_53.png,blended_run_53.csv.gz,blended_inverse_run_53.csv.gz
blended_run_54.png,blended_inverse_run_54.png,blended_run_54.csv.gz,blended_inverse_run_54.csv.gz
blended_run_55.png,blended_inverse_run_55.png,blended_run_55.csv.gz,blended_inverse_run_55.csv.gz
blended_run_56.png,blended_inverse_run_56.png,blended_run_56.csv.gz,blended_inverse_run_56.csv.gz
blended_run_57.png,blended_inverse_run_57.png,blended_run_57.csv.gz,blended_inverse_run_57.csv.gz
blended_run_58.png,blended_inverse_run_58.png,blended_run_58.csv.gz,blended_inverse_run_58.csv.gz
blended_run_59.png,blended_inverse_run_59.png,blended_run_59.csv.gz,blended_inverse_run_59.csv.gz
blended_run_60.png,blended_inverse_run_60.png,blended_run_60.csv.gz,blended_inverse_run_60.csv.gz
blended_run_61.png,blended_inverse_run_61.png,blended_run_61.csv.gz,blended_inverse_run_61.csv.gz
blended_run_62.png,blended_inverse_run_62.png,blended_run_62.csv.gz,blended_inverse_run_62.csv.gz
blended_run_63.png,blended_inverse_run_63.png,blended_run_63.csv.gz,blended_inverse_run_63.csv.gz
blended_run_64.png,blended_inverse_run_64.png,blended_run_64.csv.gz,blended_inverse_run_64.csv.gz
blended_run_65.png,blended_inverse_run_65.png,blended_run_65.csv.gz,blended_inverse_run_65.csv.gz
blended_run_66.png,blended_inverse_run_66.png,blended_run_66.csv.gz,blended_inverse_run_66.csv.gz
blended_run_67.png,blended_inverse_run_67.png,blended_run_67.csv.gz,blended_inverse_run_67.csv.gz
blended_run_68.png,blended_inverse_run_68.png,blended_run_68.csv.gz,blended_inverse_run_68.csv.gz
blended_run_69.png,blended_inverse_run_69.png,blended_run_69.csv.gz,blended_inverse_run_69.csv.gz
blended_run_70.png,blended_inverse_run_70.png,blended_run_70.csv.gz,blended_inverse_run_70.csv.gz
blended_run_71.png,blended_inverse_run_71.png,blended_run_71.csv.gz,blended_inverse_run_71.csv.gz
blended_run_72.png,blended_inverse_run_72.png,blended_run_72.csv.gz,blended_inverse_run_72.csv.gz
blended_run_73.png,blended_inverse_run_73.png,blended_run_73.csv.gz,blended_inverse_run_73.csv.gz
blended_run_74.png,blended_inverse_run_74.png,blended_run_74.csv.gz,blended_inverse_run_74.csv.gz
blended_run_75.png,blended_inverse_run_75.png,blended_run_75.csv.gz,blended_inverse_run_75.csv.gz
blended_run_76.png,blended_inverse_run_76.png,blended_run_76.csv.gz,blended_inverse_run_76.csv.gz
blended_run_77.png,blended_inverse_run_77.png,blended_run_77.csv.gz,blended_inverse_run_77.csv.gz
blended_run_78.png,blended_inverse_run_78.png,blended_run_78.csv.gz,blended_inverse_run_78.csv.gz
blended_run_79.png,blended_inverse_run_79.png,blended_run_79.csv.gz,blended_inverse_run_79.csv.gz
blended_run_80.png,blended_inverse_run_80.png,blended_run_80.csv.gz,blended_inverse_run_80.csv.gz
blended_run_81.png,blended_inverse_run_81.png,blended_run_81.csv.gz,blended_inverse_run_81.csv.gz
blended_run_82.png,blended_inverse_run_82.png,blended_run_82.csv.gz,blended_inverse_run_82.csv.gz
blended_run_83.png,blended_inverse_run_83.png,blended_run_83.csv.gz,blended_inverse_run_83.csv.gz
blended_run_84.png,blended_inverse_run_84.png,blended_run_84.csv.gz,blended_inverse_run_84.csv.gz
blended_run_85.png,blended_inverse_run_85.png,blended_run_85.csv.gz,blended_inverse_run_85.csv.gz
blended_run_86.png,blended_inverse_run_86.png,blended_run_86.csv.gz,blended_inverse_run_86.csv.gz
blended_run_87.png,blended_inverse_run_87.png,blended_run_87.csv.gz,blended_inverse_run_87.csv.gz
blended_run_88.png,blended_inverse_run_88.png,blended_run_88.csv.gz,blended_inverse_run_88.csv.gz
blended_run_89.png,blended_inverse_run_89.png,blended_run_89.csv.gz,blended_inverse_run_89.csv.gz
blended_run_90.png,blended_inverse_run_90.png,blended_run_90.csv.gz,blended_inverse_run_90.csv.gz
blended_run_91.png,blended_inverse_run_91.png,blended_run_91.csv.gz,blended_inverse_run_91.csv.gz
blended_run_92.png,blended_inverse_run_92.png,blended_run_92.csv.gz,blended_inverse_run_92.csv.gz
blended_run_93.png,blended_inverse_run_93.png,blended_run_93.csv.gz,blended_inverse_run_93.csv.gz
blended_run_94.png,blended_inverse_run_94.png,blended_run_94.csv.gz,blended_inverse_run_94.csv.gz
blended_run_95.png,blended_inverse_run_95.png,blended_run_95.csv.gz,blended_inverse_run_95.csv.gz
blended_run_96.png,blended_inverse_run_96.png,blended_run_96.csv.gz,blended_inverse_run_96.csv.gz
blended_run_97.png,blended_inverse_run_97.png,blended_run_97.csv.gz,blended_inverse_run_97.csv.gz
blended_run_98.png,blended_inverse_run_98.png,blended_run_98.csv.gz,blended_inverse_run_98.csv.gz
blended_run_99.png,blended_inverse_run_99.png,blended_run_99.csv.gz,blended_inverse_run_99.csv.gz
blended_run_100.png,blended_inverse_run_100.png,blended_run_100.csv.gz,blended_inverse_run_100.csv.gz
blended_run_101.png,blended_inverse_run_101.png,blended_run_101.csv.gz,blended_inverse_run_101.csv.gz
blended_run_102.png,blended_inverse_run_102.png,blended_run_102.csv.gz,blended_inverse_run_102.csv.gz
blended_run_103.png,blended_inverse_run_103.png,blended_run_103.csv.gz,blended_inverse_run_103.csv.gz
blended_run_104.png,blended_inverse_run_104.png,blended_run_104.csv.gz,blended_inverse_run_104.csv.gz
blended_run_105.png,blended_inverse_run_105.png,blended_run_105.csv.gz,blended_inverse_run_105.csv.gz
blended_run_106.png,blended_inverse_run_106.png,blended_run_106.csv.gz,blended_inverse_run_106.csv.gz
blended_run_107.png,blended_inverse_run_107.png,blended_run_107.csv.gz,blended_inverse_run_107.csv.gz
blended_run_108.png,blended_inverse_run_108.png,blended_run_108.csv.gz,blended_inverse_run_108.csv.gz
blended_run_109.png,blended_inverse_run_109.png,blended_run_109.csv.gz,blended_inverse_run_109.csv.gz
blended_run_110.png,blended_inverse_run_110.png,blended_run_110.csv.gz,blended_inverse_run_110.csv.gz
blended_run_111.png,blended_inverse_run_111.png,blended_run_111.csv.gz,blended_inverse_run_111.csv.gz
blended_run_112.png,blended_inverse_run_112.png,blended_run_112.csv.gz,blended_inverse_run_112.csv.gz
blended_run_113.png,blended_inverse_run_113.png,blended_run_113.csv.gz,blended_inverse_run_113.csv.gz
blended_run_114.png,blended_inverse_run_114.png,blended_run_114.csv.gz,blended_inverse_run_114.csv.gz
blended_run_115.png,blended_inverse_run_115.png,blended_run_115.csv.gz,blended_inverse_run_115.csv.gz
blended_run_116.png,blended_inverse_run_116.png,blended_run_116.csv.gz,blended_inverse_run_116.csv.gz
blended_run_117.png,blended_inverse_run_117.png,blended_run_117.csv.gz,blended_inverse_run_117.csv.gz
blended_run_118.png,blended_inverse_run_118.png,blended_run_118.csv.gz,blended_inverse_run_118.csv.gz
blended_run_119.png,blended_inverse_run_119.png,blended_run_119.csv.gz,blended_inverse_run_119.csv.gz
blended_run_120.png,blended_inverse_run_120.png,blended_run_120.csv.gz,blended_inverse_run_120.csv.gz
blended_run_121.png,blended_inverse_run_121.png,blended_run_121.csv.gz,blended_inverse_run_121.csv.gz
blended_run_122.png,blended_inverse_run_122.png,blended_run_122.csv.gz,blended_inverse_run_122.csv.gz
blended_run_123.png,blended_inverse_run_123.png,blended_run_123.csv.gz,blended_inverse_run_123.csv.gz
blended_run_124.png,blended_inverse_run_124.png,blended_run_124.csv.gz,blended_inverse_run_124.csv.gz
blended_run_125.png,blended_inverse_run_125.png,blended_run_125.csv.gz,blended_inverse_run_125.csv.gz
blended_run_126.png,blended_inverse_run_126.png,blended_run_126.csv.gz,blended_inverse_run_126.csv.gz
blended_run_127.png,blended_inverse_run_127.png,blended_run_127.csv.gz,blended_inverse_run_127.csv.gz
blended_run_128.png,blended_inverse_run_128.png,blended_run_128.csv.gz,blended_inverse_run_128.csv.gz
blended_run_129.png,blended_inverse_run_129.png,blended_run_129.csv.gz,blended_inverse_run_129.csv.gz
blended_run_130.png,blended_inverse_run_130.png,blended_run_130.csv.gz,blended_inverse_run_130.csv.gz
blended_run_131.png,blended_inverse_run_131.png,blended_run_131.csv.gz,blended_inverse_run_131.csv.gz
blended_run_132.png,blended_inverse_run_132.png,blended_run_132.csv.gz,blended_inverse_run_132.csv.gz
blended_run_133.png,blended_inverse_run_133.png,blended_run_133.csv.gz,blended_inverse_run_133.csv.gz
blended_run_134.png,blended_inverse_run_134.png,blended_run_134.csv.gz,blended_inverse_run_134.csv.gz
blended_run_135.png,blended_inverse_run_135.png,blended_run_135.csv.gz,blended_inverse_run_135.csv.gz
blended_run_136.png,blended_inverse_run_136.png,blended_run_136.csv.gz,blended_inverse_run_136.csv.gz
blended_run_137.png,blended_inverse_run_137.png,blended_run_137.csv.gz,blended_inverse_run_137.csv.gz
blended_run_138.png,blended_inverse_run_138.png,blended_run_138.csv.gz,blended_inverse_run_138.csv.gz
blended_run_139.png,blended_inverse_run_139.png,blended_run_139.csv.gz,blended_inverse_run_139.csv.gz
blended_run_140.png,blended_inverse_run_140.png,blended_run_140.csv.gz,blended_inverse_run_140.csv.gz
blended_run_141.png,blended_inverse_run_141.png,blended_run_141.csv.gz,blended_inverse_run_141.csv.gz
blended_run_142.png,blended_inverse_run_142.png,blended_run_142.csv.gz,blended_inverse_run_142.csv.gz
blended_run_143.png,blended_inverse_run_143.png,blended_run_143.csv.gz,blended_inverse_run_143.csv.gz
blended_run_144.png,blended_inverse_run_144.png,blended_run_144.csv.gz,blended_inverse_run_144.csv.gz
blended_run_145.png,blended_inverse_run_145.png,blended_run_145.csv.gz,blended_inverse_run_145.csv.gz
blended_run_146.png,blended_inverse_run_146.png,blended_run_146.csv.gz,blended_inverse_run_146.csv.gz
blended_run_147.png,blended_inverse_run_147.png,blended_run_147.csv.gz,blended_inverse_run_147.csv.gz
blended_run_148.png,blended_inverse_run_148.png,blended_run_148.csv.gz,blended_inverse_run_148.csv.gz
blended_run_149.png,blended_inverse_run_149.png,blended_run_149.csv.gz,blended_inverse_run_149.csv.gz
blended_run_150.png,blended_inverse_run_150.png,blended_run_150.csv.gz,blended_inverse_run_150.csv.gz
blended_run_151.png,blended_inverse_run_151.png,blended_run_151.csv.gz,blended_inverse_run_151.csv.gz
blended_run_152.png,blended_inverse_run_152.png,blended_run_152.csv.gz,blended_inverse_run_152.csv.gz
blended_run_153.png,blended_inverse_run_153.png,blended_run_153.csv.gz,blended_inverse_run_153.csv.gz
blended_run_154.png,blended_inverse_run_154.png,blended_run_154.csv.gz,blended_inverse_run_154.csv.gz
blended_run_155.png,blended_inverse_run_155.png,blended_run_155.csv.gz,blended_inverse_run_155.csv.gz
blended_run_156.png,blended_inverse_run_156.png,blended_run_156.csv.gz,blended_inverse_run_156.csv.gz
blended_run_157.png,blended_inverse_run_157.png,blended_run_157.csv.gz,blended_inverse_run_157.csv.gz
blended_run_158.png,blended_inverse_run_158.png,blended_run_158.csv.gz,blended_inverse_run_158.csv.gz
blended_run_159.png,blended_inverse_run_159.png,blended_run_159.csv.gz,blended_inverse_run_159.csv.gz
blended_run_160.png,blended_inverse_run_160.png,blended_run_160.csv.gz,blended_inverse_run_160.csv.gz
blended_run_161.png,blended_inverse_run_161.png,blended_run_161.csv.gz,blended_inverse_run_161.csv.gz
blended_run_162.png,blended_inverse_run_162.png,blended_run_162.csv.gz,blended_inverse_run_162.csv.gz
blended_run_163.png,blended_inverse_run_163.png,blended_run_163.csv.gz,blended_inverse_run_163.csv.gz
blended_run_164.png,blended_inverse_run_164.png,blended_run_164.csv.gz,blended_inverse_run_164.csv.gz
blended_run_165.png,blended_inverse_run_165.png,blended_run_165.csv.gz,blended_inverse_run_165.csv.gz
blended_run_166.png,blended_inverse_run_166.png,blended_run_166.csv.gz,blended_inverse_run_166.csv.gz
blended_run_167.png,blended_inverse_run_167.png,blended_run_167.csv.gz,blended_inverse_run_167.csv.gz
blended_run_168.png,blended_inverse_run_168.png,blended_run_168.csv.gz,blended_inverse_run_168.csv.gz
blended_run_169.png,blended_inverse_run_169.png,blended_run_169.csv.gz,blended_inverse_run_169.csv.gz
blended_run_170.png,blended_inverse_run_170.png,blended_run_170.csv.gz,blended_inverse_run_170.csv.gz
blended_run_171.png,blended_inverse_run_171.png,blended_run_171.csv.gz,blended_inverse_run_171.csv.gz
blended_run_172.png,blended_inverse_run_172.png,blended_run_172.csv.gz,blended_inverse_run_172.csv.gz
blended_run_173.png,blended_inverse_run_173.png,blended_run_173.csv.gz,blended_inverse_run_173.csv.gz
blended_run_174.png,blended_inverse_run_174.png,blended_run_174.csv.gz,blended_inverse_run_174.csv.gz
blended_run_175.png,blended_inverse_run_175.png,blended_run_175.csv.gz,blended_inverse_run_175.csv.gz
blended_run_176.png,blended_inverse_run_176.png,blended_run_176.csv.gz,blended_inverse_run_176.csv.gz
blended_run_177.png,blended_inverse_run_177.png,blended_run_177.csv.gz,blended_inverse_run_177.csv.gz
blended_run_178.png,blended_inverse_run_178.png,blended_run_178.csv.gz,blended_inverse_run_178.csv.gz
blended_run_179.png,blended_inverse_run_179.png,blended_run_179.csv.gz,blended_inverse_run_179.csv.gz
blended_run_180.png,blended_inverse_run_180.png,blended_run_180.csv.gz,blended_inverse_run_180.csv.gz
blended_run_181.png,blended_inverse_run_181.png,blended_run_181.csv.gz,blended_inverse_run_181.csv.gz
blended_run_182.png,blended_inverse_run_182.png,blended_run_182.csv.gz,blended_inverse_run_182.csv.gz
blended_run_183.png,blended_inverse_run_183.png,blended_run_183.csv.gz,blended_inverse_run_183.csv.gz
blended_run_184.png,blended_inverse_run_184.png,blended_run_184.csv.gz,blended_inverse_run_184.csv.gz
blended_run_185.png,blended_inverse_run_185.png,blended_run_185.csv.gz,blended_inverse_run_185.csv.gz
blended_run_186.png,blended_inverse_run_186.png,blended_run_186.csv.gz,blended_inverse_run_186.csv.gz
blended_run_187.png,blended_inverse_run_187.png,blended_run_187.csv.gz,blended_inverse_run_187.csv.gz
blended_run_188.png,blended_inverse_run_188.png,blended_run_188.csv.gz,blended_inverse_run_188.csv.gz
blended_run_189.png,blended_inverse_run_189.png,blended_run_189.csv.gz,blended_inverse_run_189.csv.gz
blended_run_190.png,blended_inverse_run_190.png,blended_run_190.csv.gz,blended_inverse_run_190.csv.gz
blended_run_191.png,blended_inverse_run_191.png,blended_run_191.csv.gz,blended_inverse_run_191.csv.gz
blended_run_192.png,blended_inverse_run_192.png,blended_run_192.csv.gz,blended_inverse_run_192.csv.gz
blended_run_193.png,blended_inverse_run_193.png,blended_run_193.csv.gz,blended_inverse_run_193.csv.gz
blended_run_194.png,blended_inverse_run_194.png,blended_run_194.csv.gz,blended_inverse_run_194.csv.gz
blended_run_195.png,blended_inverse_run_195.png,blended_run_195.csv.gz,blended_inverse_run_195.csv.gz
blended_run_196.png,blended_inverse_run_196.png,blended_run_196.csv.gz,blended_inverse_run_196.csv.gz
blended_run_197.png,blended_inverse_run_197.png,blended_run_197.csv.gz,blended_inverse_run_197.csv.gz
blended_run_198.png,blended_inverse_run_198.png,blended_run_198.csv.gz,blended_inverse_run_198.csv.gz
blended_run_199.png,blended_inverse_run_199.png,blended_run_199.csv.gz,blended_inverse_run_199.csv.gz